{"cameraMode":{"drawMode":0,"name":"Shaded","section":"Shading Mode"},"sceneLighting":false,"audioPlay":false,"sceneViewState":{"showFog":false,"showMaterialUpdate":false,"showSkybox":false,"showFlares":false,"showImageEffects":false,"showParticleSystems":false},"in2DMode":false,"pivot":{"x":-0.4869545102119446,"y":0.6877769231796265,"z":-2.0639736652374269},"rotation":{"x":-0.056241802871227267,"y":-0.6051799058914185,"z":0.042924005538225177,"w":-0.792938768863678},"size":3.086500644683838,"orthographic":false}