{"cameraMode":{"drawMode":0,"name":"Shaded","section":"Shading Mode"},"sceneLighting":false,"audioPlay":false,"sceneViewState":{"showFog":true,"showMaterialUpdate":true,"showSkybox":false,"showFlares":true,"showImageEffects":true,"showParticleSystems":true},"in2DMode":false,"pivot":{"x":5.650000095367432,"y":2.0,"z":-0.04999995231628418},"rotation":{"x":-0.08322405815124512,"y":0.04302268847823143,"z":-0.0035953642800450327,"w":-0.9955952167510986},"size":7.961536407470703,"orthographic":false}