{"cameraMode":{"drawMode":0,"name":"Shaded","section":"Shading Mode"},"sceneLighting":false,"audioPlay":false,"sceneViewState":{"showFog":false,"showMaterialUpdate":false,"showSkybox":false,"showFlares":false,"showImageEffects":false,"showParticleSystems":false},"in2DMode":false,"pivot":{"x":615.530029296875,"y":419.07000732421877,"z":576.8200073242188},"rotation":{"x":0.11382406949996948,"y":0.44636932015419009,"z":-0.0573628731071949,"w":0.8857246041297913},"size":3.105022430419922,"orthographic":false}