{"cameraMode":{"drawMode":0,"name":"Shaded","section":"Shading Mode"},"sceneLighting":false,"audioPlay":false,"sceneViewState":{"showFog":false,"showMaterialUpdate":false,"showSkybox":false,"showFlares":false,"showImageEffects":false,"showParticleSystems":false},"in2DMode":false,"pivot":{"x":-0.21906356513500215,"y":0.43095529079437258,"z":0.37854325771331789},"rotation":{"x":-0.13364695012569428,"y":-0.6559873819351196,"z":0.1195792481303215,"w":-0.7331574559211731},"size":7.003535747528076,"orthographic":false}