{"cameraMode":{"drawMode":0,"name":"Shaded","section":"Shading Mode"},"sceneLighting":false,"audioPlay":false,"sceneViewState":{"showFog":true,"showMaterialUpdate":true,"showSkybox":true,"showFlares":true,"showImageEffects":true,"showParticleSystems":true},"in2DMode":false,"pivot":{"x":5.650000095367432,"y":2.0,"z":-0.04999995231628418},"rotation":{"x":0.19601204991340638,"y":-0.5536103844642639,"z":0.1360042840242386,"w":0.7978707551956177},"size":12.174585342407227,"orthographic":false}