{"cameraMode":{"drawMode":0,"name":"Shaded","section":"Shading Mode"},"sceneLighting":false,"audioPlay":false,"sceneViewState":{"showFog":false,"showMaterialUpdate":false,"showSkybox":false,"showFlares":false,"showImageEffects":false,"showParticleSystems":false},"in2DMode":false,"pivot":{"x":-0.15340736508369447,"y":2.3081624507904054,"z":-0.4128146767616272},"rotation":{"x":0.12169796228408814,"y":-0.638158917427063,"z":-0.10311097651720047,"w":-0.7532005310058594},"size":4.077188014984131,"orthographic":false}