{"cameraMode":{"drawMode":0,"name":"Shaded","section":"Shading Mode"},"sceneLighting":false,"audioPlay":false,"sceneViewState":{"showFog":false,"showMaterialUpdate":true,"showSkybox":true,"showFlares":true,"showImageEffects":true,"showParticleSystems":true},"in2DMode":false,"pivot":{"x":-1.099678874015808,"y":-2.3838789463043215,"z":-3.1555943489074709},"rotation":{"x":0.027607109397649766,"y":-0.9723732471466065,"z":0.16072426736354829,"w":0.16702061891555787},"size":31.761219024658204,"orthographic":false}