{"cameraMode":{"drawMode":0,"name":"Shaded","section":"Shading Mode"},"sceneLighting":false,"audioPlay":false,"sceneViewState":{"showFog":false,"showMaterialUpdate":false,"showSkybox":false,"showFlares":false,"showImageEffects":false,"showParticleSystems":false},"in2DMode":false,"pivot":{"x":-3.93999981880188,"y":8.628772735595704,"z":-5.220001220703125},"rotation":{"x":-0.047171007841825488,"y":-0.9354108572006226,"z":-0.13677498698234559,"w":0.32260510325431826},"size":24.66143035888672,"orthographic":false}