{"cameraMode":{"drawMode":0,"name":"Shaded","section":"Shading Mode"},"sceneLighting":false,"audioPlay":false,"sceneViewState":{"showFog":false,"showMaterialUpdate":true,"showSkybox":true,"showFlares":true,"showImageEffects":true,"showParticleSystems":true},"in2DMode":false,"pivot":{"x":-0.8980240821838379,"y":-0.8199965953826904,"z":-0.39994049072265627},"rotation":{"x":-0.17901520431041718,"y":-0.34385281801223757,"z":0.06695399433374405,"w":-0.9193671941757202},"size":16.004148483276368,"orthographic":false}