{"cameraMode":{"drawMode":0,"name":"Shaded","section":"Shading Mode"},"sceneLighting":false,"audioPlay":false,"sceneViewState":{"showFog":false,"showMaterialUpdate":true,"showSkybox":true,"showFlares":true,"showImageEffects":true,"showParticleSystems":true},"in2DMode":false,"pivot":{"x":-1.199767827987671,"y":1.0697993040084839,"z":1.0007367134094239},"rotation":{"x":-0.26346683502197268,"y":-0.6008100509643555,"z":0.21918369829654694,"w":-0.7221988439559937},"size":13.281865119934082,"orthographic":false}