{"cameraMode":{"drawMode":0,"name":"Shaded","section":"Shading Mode"},"sceneLighting":false,"audioPlay":false,"sceneViewState":{"showFog":false,"showMaterialUpdate":false,"showSkybox":false,"showFlares":false,"showImageEffects":false,"showParticleSystems":false},"in2DMode":false,"pivot":{"x":52.02640914916992,"y":113.4948959350586,"z":142.05003356933595},"rotation":{"x":0.004345179535448551,"y":0.4284746050834656,"z":-0.0020608610939234497,"w":0.903541088104248},"size":639.7215576171875,"orthographic":false}