{"cameraMode":{"drawMode":0,"name":"Shaded","section":"Shading Mode"},"sceneLighting":false,"audioPlay":false,"sceneViewState":{"showFog":true,"showMaterialUpdate":true,"showSkybox":true,"showFlares":true,"showImageEffects":true,"showParticleSystems":true},"in2DMode":false,"pivot":{"x":3.2761402130126955,"y":0.8126372694969177,"z":1.967573642730713},"rotation":{"x":0.16561491787433625,"y":-0.560731828212738,"z":0.11565060168504715,"w":0.8029797673225403},"size":5.191071510314941,"orthographic":false}