{"cameraMode":{"drawMode":0,"name":"Shaded","section":"Shading Mode"},"sceneLighting":false,"audioPlay":false,"sceneViewState":{"showFog":true,"showMaterialUpdate":true,"showSkybox":true,"showFlares":true,"showImageEffects":true,"showParticleSystems":true},"in2DMode":false,"pivot":{"x":-5.181002140045166,"y":4.628612518310547,"z":-15.193739891052246},"rotation":{"x":0.1331769824028015,"y":0.7424847483634949,"z":-0.15500570833683015,"w":0.6379290819168091},"size":21.207731246948243,"orthographic":false}