{"cameraMode":{"drawMode":0,"name":"Shaded","section":"Shading Mode"},"sceneLighting":false,"audioPlay":false,"sceneViewState":{"showFog":true,"showMaterialUpdate":true,"showSkybox":true,"showFlares":true,"showImageEffects":true,"showParticleSystems":true},"in2DMode":false,"pivot":{"x":5.768975257873535,"y":1.895226001739502,"z":0.0},"rotation":{"x":0.015049245208501816,"y":-0.7654672265052795,"z":0.01791326515376568,"w":0.6430493593215942},"size":4.6024370193481449,"orthographic":false}