{"cameraMode":{"drawMode":0,"name":"Shaded","section":"Shading Mode"},"sceneLighting":false,"audioPlay":false,"sceneViewState":{"showFog":false,"showMaterialUpdate":false,"showSkybox":false,"showFlares":false,"showImageEffects":false,"showParticleSystems":false},"in2DMode":false,"pivot":{"x":0.518588125705719,"y":0.6834971904754639,"z":-0.6427838206291199},"rotation":{"x":-0.02471904642879963,"y":-0.6697723865509033,"z":0.022317703813314439,"w":-0.7418192625045776},"size":3.002497434616089,"orthographic":false}