{"cameraMode":{"drawMode":0,"name":"Shaded","section":"Shading Mode"},"sceneLighting":false,"audioPlay":false,"sceneViewState":{"showFog":true,"showMaterialUpdate":true,"showSkybox":true,"showFlares":true,"showImageEffects":true,"showParticleSystems":true},"in2DMode":false,"pivot":{"x":0.992211103439331,"y":2.1768124103546144,"z":0.08008595556020737},"rotation":{"x":-0.13958287239074708,"y":0.7866928577423096,"z":-0.19277511537075044,"w":-0.5696215629577637},"size":4.358207702636719,"orthographic":false}