{"cameraMode":{"drawMode":0,"name":"Shaded","section":"Shading Mode"},"sceneLighting":false,"audioPlay":false,"sceneViewState":{"showFog":false,"showMaterialUpdate":false,"showSkybox":false,"showFlares":false,"showImageEffects":false,"showParticleSystems":false},"in2DMode":false,"pivot":{"x":1.7400025129318238,"y":-1.6481016874313355,"z":0.6514149308204651},"rotation":{"x":-0.14605993032455445,"y":-0.6043703556060791,"z":0.11392109096050263,"w":-0.7748709917068481},"size":17.69660758972168,"orthographic":false}