{"cameraMode":{"drawMode":0,"name":"Shaded","section":"Shading Mode"},"sceneLighting":false,"audioPlay":false,"sceneViewState":{"showFog":true,"showMaterialUpdate":true,"showSkybox":true,"showFlares":true,"showImageEffects":true,"showParticleSystems":true},"in2DMode":false,"pivot":{"x":0.0,"y":2.680000066757202,"z":0.10000002384185791},"rotation":{"x":-0.19448013603687287,"y":0.501716136932373,"z":-0.11688987165689469,"w":-0.8347426056861877},"size":8.116390228271485,"orthographic":false}