{"cameraMode":{"drawMode":0,"name":"Shaded","section":"Shading Mode"},"sceneLighting":false,"audioPlay":false,"sceneViewState":{"showFog":true,"showMaterialUpdate":true,"showSkybox":true,"showFlares":true,"showImageEffects":true,"showParticleSystems":true},"in2DMode":false,"pivot":{"x":5.500424861907959,"y":1.4377385377883912,"z":0.10353243350982666},"rotation":{"x":-0.08322405815124512,"y":0.04302268847823143,"z":-0.0035953642800450327,"w":-0.9955952167510986},"size":1.4095592498779297,"orthographic":false}