{"cameraMode":{"drawMode":0,"name":"Shaded","section":"Shading Mode"},"sceneLighting":false,"audioPlay":false,"sceneViewState":{"showFog":true,"showMaterialUpdate":true,"showSkybox":true,"showFlares":true,"showImageEffects":true,"showParticleSystems":true},"in2DMode":false,"pivot":{"x":5.141404628753662,"y":1.448052167892456,"z":-0.04711593687534332},"rotation":{"x":-0.15270233154296876,"y":0.6925760507583618,"z":-0.15370838344097138,"w":-0.6880365014076233},"size":2.476644277572632,"orthographic":false}