{"cameraMode":{"drawMode":0,"name":"Shaded","section":"Shading Mode"},"sceneLighting":false,"audioPlay":false,"sceneViewState":{"showFog":false,"showMaterialUpdate":false,"showSkybox":false,"showFlares":false,"showImageEffects":false,"showParticleSystems":false},"in2DMode":false,"pivot":{"x":0.17022483050823213,"y":1.186291217803955,"z":-3.1513478755950929},"rotation":{"x":-0.05624179542064667,"y":-0.6051798462867737,"z":0.042924001812934878,"w":-0.7929386496543884},"size":8.478860855102539,"orthographic":false}