{"cameraMode":{"drawMode":0,"name":"Shaded","section":"Shading Mode"},"sceneLighting":false,"audioPlay":false,"sceneViewState":{"showFog":true,"showMaterialUpdate":true,"showSkybox":true,"showFlares":true,"showImageEffects":true,"showParticleSystems":true},"in2DMode":false,"pivot":{"x":-1.373483419418335,"y":-2.7433769702911379,"z":-1.1022077798843384},"rotation":{"x":0.12000750005245209,"y":0.013711189851164818,"z":-0.0016577907372266055,"w":0.9926769137382507},"size":14.541451454162598,"orthographic":false}