{"cameraMode":{"drawMode":0,"name":"Shaded","section":"Shading Mode"},"sceneLighting":false,"audioPlay":false,"sceneViewState":{"showFog":false,"showMaterialUpdate":true,"showSkybox":true,"showFlares":true,"showImageEffects":true,"showParticleSystems":true},"in2DMode":false,"pivot":{"x":0.06999969482421875,"y":-0.3100004196166992,"z":0.1099996566772461},"rotation":{"x":-0.4176390767097473,"y":0.33850958943367007,"z":-0.17123174667358399,"w":-0.8256322145462036},"size":50.46057891845703,"orthographic":false}