{"cameraMode":{"drawMode":0,"name":"Shaded","section":"Shading Mode"},"sceneLighting":false,"audioPlay":false,"sceneViewState":{"showFog":false,"showMaterialUpdate":true,"showSkybox":true,"showFlares":true,"showImageEffects":true,"showParticleSystems":true},"in2DMode":false,"pivot":{"x":-0.33535248041152956,"y":-0.922208309173584,"z":1.589911937713623},"rotation":{"x":0.3055739402770996,"y":-0.6937896013259888,"z":0.47862768173217776,"w":0.44294044375419619},"size":6.675807952880859,"orthographic":false}