{"cameraMode":{"drawMode":0,"name":"Shaded","section":"Shading Mode"},"sceneLighting":false,"audioPlay":false,"sceneViewState":{"showFog":false,"showMaterialUpdate":false,"showSkybox":false,"showFlares":false,"showImageEffects":false,"showParticleSystems":false},"in2DMode":false,"pivot":{"x":600.1881713867188,"y":419.20001220703127,"z":506.01348876953127},"rotation":{"x":-0.0003015231341123581,"y":0.22222603857517243,"z":-0.00006886580376885831,"w":-0.9749951362609863},"size":104.95899200439453,"orthographic":false}