{"cameraMode":{"drawMode":0,"name":"Shaded","section":"Shading Mode"},"sceneLighting":false,"audioPlay":false,"sceneViewState":{"showFog":false,"showMaterialUpdate":false,"showSkybox":false,"showFlares":false,"showImageEffects":false,"showParticleSystems":false},"in2DMode":false,"pivot":{"x":0.019198453053832055,"y":1.1736409664154053,"z":-0.8391090631484985},"rotation":{"x":-0.02471904642879963,"y":-0.6697723865509033,"z":0.022317703813314439,"w":-0.7418192625045776},"size":3.752054214477539,"orthographic":false}