{"cameraMode":{"drawMode":0,"name":"Shaded","section":"Shading Mode"},"sceneLighting":false,"audioPlay":false,"sceneViewState":{"showFog":true,"showMaterialUpdate":true,"showSkybox":true,"showFlares":true,"showImageEffects":true,"showParticleSystems":true},"in2DMode":false,"pivot":{"x":5.454832077026367,"y":1.9950461387634278,"z":1.466931700706482},"rotation":{"x":-0.01476715411990881,"y":0.738217294216156,"z":-0.01616765186190605,"w":-0.6742075085639954},"size":3.7954649925231935,"orthographic":false}