{"cameraMode":{"drawMode":0,"name":"Shaded","section":"Shading Mode"},"sceneLighting":false,"audioPlay":false,"sceneViewState":{"showFog":true,"showMaterialUpdate":true,"showSkybox":true,"showFlares":true,"showImageEffects":true,"showParticleSystems":true},"in2DMode":false,"pivot":{"x":5.246901988983154,"y":1.7605998516082764,"z":0.03631743788719177},"rotation":{"x":-0.11142374575138092,"y":0.6898413300514221,"z":-0.1087157353758812,"w":-0.7070251703262329},"size":3.4524641036987306,"orthographic":false}